<?xml version="1.0" encoding="utf-8"?>
<ProjectSettingsProperties xmlns:xsd="http://www.w3.org/2001/XMLSchema" xmlns:xsi="http://www.w3.org/2001/XMLSchema-instance">
  <Bookmarks>
    <BookmarkItem>
      <Key>\sufi2.in\par_inf.txt</Key>
      <Value />
    </BookmarkItem>
    <BookmarkItem>
      <Key>\sufi2_swedit.def</Key>
      <Value />
    </BookmarkItem>
    <BookmarkItem>
      <Key>\file.cio</Key>
      <Value />
    </BookmarkItem>
    <BookmarkItem>
      <Key>\sufi2.in\observed_rch.txt</Key>
      <Value />
    </BookmarkItem>
    <BookmarkItem>
      <Key>\sufi2.in\var_file_rch.txt</Key>
      <Value />
    </BookmarkItem>
    <BookmarkItem>
      <Key>\sufi2_extract_rch.def</Key>
      <Value />
    </BookmarkItem>
    <BookmarkItem>
      <Key>\sufi2.in\observed.txt</Key>
      <Value />
    </BookmarkItem>
    <BookmarkItem>
      <Key>\sufi2.in\var_file_name.txt</Key>
      <Value />
    </BookmarkItem>
    <BookmarkItem>
      <Key>\iterations\iter1\sufi2.out\summary_stat.txt</Key>
      <Value />
    </BookmarkItem>
    <BookmarkItem>
      <Key>\iterations\2001\sufi2.out\summary_stat.txt</Key>
      <Value />
    </BookmarkItem>
    <BookmarkItem>
      <Key>\iterations\2001\sufi2.out\new_pars.txt</Key>
      <Value />
    </BookmarkItem>
    <BookmarkItem>
      <Key>\iterations\5001\sufi2.out\summary_stat.txt</Key>
      <Value />
    </BookmarkItem>
    <BookmarkItem>
      <Key>\iterations\2001\sufi2.out\best_sim.txt</Key>
      <Value />
    </BookmarkItem>
    <BookmarkItem>
      <Key>\iterations\5001\sufi2.out\best_sim.txt</Key>
      <Value />
    </BookmarkItem>
    <BookmarkItem>
      <Key>\iterations\5001\sufi2.out\new_pars.txt</Key>
      <Value />
    </BookmarkItem>
    <BookmarkItem>
      <Key>\iterations\5002\sufi2.out\summary_stat.txt</Key>
      <Value />
    </BookmarkItem>
    <BookmarkItem>
      <Key>\iterations\5002\sufi2.out\new_pars.txt</Key>
      <Value />
    </BookmarkItem>
    <BookmarkItem>
      <Key>\iterations\10001\sufi2.out\summary_stat.txt</Key>
      <Value />
    </BookmarkItem>
    <BookmarkItem>
      <Key>\iterations\10001\sufi2.out\new_pars.txt</Key>
      <Value />
    </BookmarkItem>
    <BookmarkItem>
      <Key>\iterations\10002\sufi2.out\summary_stat.txt</Key>
      <Value />
    </BookmarkItem>
    <BookmarkItem>
      <Key>\iterations\10002\sufi2.out\new_pars.txt</Key>
      <Value />
    </BookmarkItem>
    <BookmarkItem>
      <Key>\iterations\10003\sufi2.out\summary_stat.txt</Key>
      <Value />
    </BookmarkItem>
    <BookmarkItem>
      <Key>\iterations\10002\sufi2.out\best_sim.txt</Key>
      <Value />
    </BookmarkItem>
    <BookmarkItem>
      <Key>\iterations\10003\sufi2.out\best_sim.txt</Key>
      <Value />
    </BookmarkItem>
    <BookmarkItem>
      <Key>\iterations\10003\sufi2.out\new_pars.txt</Key>
      <Value />
    </BookmarkItem>
    <BookmarkItem>
      <Key>\iterations\yz10001\sufi2.out\summary_stat.txt</Key>
      <Value />
    </BookmarkItem>
  </Bookmarks>
  <OpenedItems>
    <string>jh86-16g8\calibration inputs\par_inf.txt</string>
  </OpenedItems>
  <ProjectVersion>5.1.6.2</ProjectVersion>
  <InitialVersion>5.1.6.2</InitialVersion>
  <IsMultipartEnabled>false</IsMultipartEnabled>
  <MultipartCount>1000</MultipartCount>
  <ActiveViewNodePath>jh86-16g8\calibration inputs\par_inf.txt</ActiveViewNodePath>
  <IncludeSub>false</IncludeSub>
  <IncludeHRU>false</IncludeHRU>
  <IncludeRch>true</IncludeRch>
  <SWATVersion>v2012</SWATVersion>
  <ProcessorArchitecture>x64</ProcessorArchitecture>
</ProjectSettingsProperties>